id_x,company_id,year_x,net_profit_margin_pct,operating_profit_margin_pct,return_on_equity_pct,debt_to_equity,interest_coverage,asset_turnover,free_cash_flow_cr,capex_cr,earnings_per_share,book_value_per_share,dividend_payout_ratio_pct,total_debt_cr,cash_from_operations_cr,id_y,compounded_sales_growth,compounded_profit_growth,stock_price_cagr,roe,company_logo,company_name,chart_link,about_company,website,nse_profile,bse_profile,face_value,book_value,roce_percentage,roe_percentage,broad_sector,sub_sector,index_weight_pct,market_cap_category,year_y,market_cap_crore,enterprise_value_crore,pe_ratio,pb_ratio,ev_ebitda,dividend_yield_pct,composite_score
22,ABB,Mar 2024,20.53,24.84,32.47,0.02,141.75,1.13,797.0,Moderate,565.0,176.14285714285714,73.0,83.0,1213.0,,-50.0,-50.0,,,https://mkt.in/static/mkt-icons/nifty100/ABB.png,Abbott India Ltd,https://in.tradingview.com/chart/?symbol=NSE%3AABBOTINDIA,Abbott India Ltd is one of the leading multinational pharmaceutical companies in India and sells its products through independent distributors primarily within India.,https://www.abbott.co.in/,https://www.nseindia.com/get-quotes/equity?symbol=ABBOTINDIA,https://www.bseindia.com/stock-share-price/abbott-india-ltd/ABBOTINDIA/500488/,10.0,1657.0,46.0,34.9,Industrials,Capital Goods,0.81,Large Cap,2024.0,1536236.24,1619349.16,75.58,4.48,12.63,0.96,34.348
23,ABB,Mar 2024,20.53,24.84,32.47,0.02,141.75,1.13,1095.0,Capital Intensive,565.0,176.14285714285714,73.0,83.0,6038.0,,-50.0,-50.0,,,https://mkt.in/static/mkt-icons/nifty100/ABB.png,Abbott India Ltd,https://in.tradingview.com/chart/?symbol=NSE%3AABBOTINDIA,Abbott India Ltd is one of the leading multinational pharmaceutical companies in India and sells its products through independent distributors primarily within India.,https://www.abbott.co.in/,https://www.nseindia.com/get-quotes/equity?symbol=ABBOTINDIA,https://www.bseindia.com/stock-share-price/abbott-india-ltd/ABBOTINDIA/500488/,10.0,1657.0,46.0,34.9,Industrials,Capital Goods,0.81,Large Cap,2024.0,1536236.24,1619349.16,75.58,4.48,12.63,0.96,34.348
34,ADANIENSOL,Mar 2024,7.2,34.39,9.46,2.93,2.28,0.28,1095.0,Capital Intensive,10.0,11.337219730941705,0.0,37070.0,6038.0,,-50.0,-50.0,,,"https://m.economictimes.com/thumb/msid-117371599,width-1200,height-900,resizemode-4,imgsize-5642/the-growth-story-remains-intact-for-adani-energy-solutions-says-jefferies.jpg",Adani Energy Solutions Ltd,https://in.tradingview.com/chart/?symbol=NSE%3AADANIENSOL,"AESL, part of the Adani portfolio, is a multidimensional organization with presence in various facets of the energy domain, namely power transmission, distribution, smart metering, and cooling solutions. AESL is India's largest private transmission company",https://www.adanienergysolutions.com/,https://www.nseindia.com/get-quotes/equity?symbol=ADANIENSOL,https://www.bseindia.com/stock-share-price/adani-energy-solutions-ltd/ADANIENSOL/539254/,10.0,175.0,9.0,8.59,Energy,Power & Utilities,0.65,Large Cap,2024.0,348517.36,439276.19,58.5,9.05,14.83,1.65,9.585
46,ADANIENT,Mar 2024,3.46,11.8,8.53,1.67,2.75,0.6,-8455.0,Capital Intensive,28.0,342.7719298245614,5.0,65310.0,10312.0,,-50.0,-50.0,,,https://mkt.in/static/mkt-icons/nifty100/ADANIENT.png,Adani Enterprises Ltd,https://in.tradingview.com/chart/?symbol=ADANIENT,"Adani Enterprises Ltd is an Indian multinational public company and a subsidiary of Adani Group. It is headquartered in Ahmedabad and has business interests in coal mining and trading, airport operations, edible oils, road, rail and water infrastructure, data centers, hydrocarbon exploration, defence and aerospace, multimodal logistics, and agro commodities.",https://www.adanienterprises.com/,https://www.nseindia.com/get-quotes/equity?symbol=ADANIENT,https://www.bseindia.com/stock-share-price/adani-enterprises-ltd/adanient/512,1.0,363.0,11.6,13.64,Industrials,Conglomerates,1.5,Large Cap,2024.0,187927.97,191237.75,58.87,10.41,33.01,0.83,4.904999999999999
66,ADANIPORTS,Mar 2024,30.34,58.36,15.35,0.94,5.95,0.23,8250.0,Capital Intensive,38.0,122.17129629629629,16.0,49470.0,15018.0,,-50.0,-50.0,,,https://mkt.in/static/mkt-icons/nifty100/ADANIPORTS.png,"Adani Ports & Special Economic Zone Ltd
",https://in.tradingview.com/chart/?symbol=NSE%3AADANIPORTS,"Adani Ports & Special Economic Zone is in the business of development, operations and maintenance of port infrastructure (port services and related infrastructure development) and has linked multi product Special Economic Zone (SEZ) and related infrastructure contiguous to Port at Mundra.",http://www.adaniports.com/,https://www.nseindia.com/get-quotes/equity?symbol=ADANIPORTS,https://www.bseindia.com/stock-share-price/adani-ports-special-economic-zone-ltd/ADANIPORTS/532921/,2.0,265.0,12.9,18.1,Industrials,Infrastructure,2.12,Large Cap,2024.0,675598.01,611165.74,48.9,2.31,31.76,1.16,16.402
78,ADANIPORTS,Mar 2024,30.34,58.36,15.35,0.94,5.95,0.23,8250.0,Capital Intensive,38.0,122.17129629629629,16.0,49470.0,15018.0,,-50.0,-50.0,,,https://mkt.in/static/mkt-icons/nifty100/ADANIPORTS.png,"Adani Ports & Special Economic Zone Ltd
",https://in.tradingview.com/chart/?symbol=NSE%3AADANIPORTS,"Adani Ports & Special Economic Zone is in the business of development, operations and maintenance of port infrastructure (port services and related infrastructure development) and has linked multi product Special Economic Zone (SEZ) and related infrastructure contiguous to Port at Mundra.",http://www.adaniports.com/,https://www.nseindia.com/get-quotes/equity?symbol=ADANIPORTS,https://www.bseindia.com/stock-share-price/adani-ports-special-economic-zone-ltd/ADANIPORTS/532921/,2.0,265.0,12.9,18.1,Industrials,Infrastructure,2.12,Large Cap,2024.0,675598.01,611165.74,48.9,2.31,31.76,1.16,16.402
90,ADANIPOWER,Mar 2024,41.37,36.2,48.28,0.8,8.3,0.55,17651.0,Moderate,54.0,11.186155042779362,0.0,34616.0,14170.0,,-50.0,-50.0,,,"https://mkt.in/static/mkt-icons/nifty100/ADANIPOWER.png
",Adani Power Ltd,https://in.tradingview.com/chart/?symbol=NSE%3AADANIPOWER,"Adani Power (APL), a part of the diversified Adani Group, is the largest private thermal power producer in India. The co along with its subsidiaries sell power generated from these projects under a combination of long term Power Purchase Agreements, Short term PPA and on merchant basis",http://www.adani.com/,https://www.nseindia.com/get-quotes/equity?symbol=ADANIPOWER,https://www.bseindia.com/stock-share-price/adani-power-ltd/ADANIPOWER/533096/,10.0,145.0,32.2,57.1,Energy,Power & Utilities,3.01,Large Cap,2024.0,1372183.55,1357949.64,44.57,9.91,24.76,1.65,20.555000000000003
101,AMBUJACEM,Mar 2024,14.29,19.3,11.43,0.02,28.26,0.51,-3295.0,Capital Intensive,16.0,94.21818181818182,12.0,699.0,5646.0,,-50.0,-50.0,,,https://mkt.in/static/mkt-icons/nifty100/AMBUJACEM.png,Ambuja Cements Ltd,https://in.tradingview.com/chart/qGsydD2w/?symbol=NSE%3AAMBUJACEM.T0,"Ambuja Cements Ltd. is among the leading cement companies in India. It is a member of the Adani Group. Currently, Ambuja Cement has a cement capacity of 31 million tonnes with six integrated cement manufacturing plants",https://www.ambujacement.com/,https://www.nseindia.com/get-quotes/equity?symbol=AMBUJACEM,https://www.bseindia.com/stock-share-price/ambuja-cements-ltd/AMBUJACEM/500425/,2.0,205.0,12.8,9.24,Materials,Cement,2.82,Large Cap,2024.0,1281411.04,1198290.68,55.62,9.21,27.67,3.1,10.9565
113,APOLLOHOSP,Mar 2024,4.91,12.56,13.48,0.77,5.57,1.14,383.0,Capital Intensive,63.0,96.33333333333333,26.0,5333.0,1920.0,,-50.0,-50.0,,,https://mkt.in/static/mkt-icons/nifty100/APOLLOHOSP.png,"Apollo Hospitals
Chain of Indian private hospitals",https://in.tradingview.com/chart/?symbol=NSE%3AAPOLLOHOSP,"Apollo Hospitals Enterprise Limited is an Indian multinational healthcare group headquartered in Chennai. It is the largest for-profit private hospital network in India, with a network of 71 owned and managed hospitals.",https://www.apollohospitals.com/,https://www.nseindia.com/get-quotes/equity?symbol=APOLLOHOSP,https://www.bseindia.com/stock-share-price/apollo-hospitals-enterprise-ltd/apollohosp/508869/,5.0,522.0,17.2,13.81,Healthcare,Healthcare,0.62,Large Cap,2024.0,1905622.43,2433382.94,47.72,7.68,16.74,3.22,6.7175
136,ASIANPAINT,Mar 2024,15.66,21.37,29.68,0.13,41.0,1.19,3556.0,Moderate,57.0,195.08333333333334,58.0,2474.0,6104.0,,-50.0,-50.0,,,https://mkt.in/static/mkt-icons/nifty100/ASIANPAINT.png,"Asian Paints
Indian Multi-National Paint and Coating Manufacturing Company",https://in.tradingview.com/chart/?symbol=NSE%3AASIANPAINT,"Asian Paints Ltd is an Indian multinational paint company, headquartered in Mumbai. The company is engaged in the business of manufacturing, selling and distribution of paints, coatings, products related to home decor, bath fittings and providing related services.",https://www.asianpaints.com/,https://www.nseindia.com/get-quotes/equity?symbol=ASIANPAINT,https://www.bseindia.com/stock-share-price/asian-paints-ltd/asianpaint/500820/,1.0,188.0,41.75,31.45,Materials,Paints & Coatings,1.13,Large Cap,2024.0,2126725.18,2475080.63,73.37,3.9,23.94,2.42,17.843999999999998
137,ASIANPAINT,Mar 2024,15.66,21.37,29.68,0.13,41.0,1.19,3556.0,Moderate,57.0,195.08333333333334,58.0,2474.0,6104.0,,-50.0,-50.0,,,https://mkt.in/static/mkt-icons/nifty100/ASIANPAINT.png,"Asian Paints
Indian Multi-National Paint and Coating Manufacturing Company",https://in.tradingview.com/chart/?symbol=NSE%3AASIANPAINT,"Asian Paints Ltd is an Indian multinational paint company, headquartered in Mumbai. The company is engaged in the business of manufacturing, selling and distribution of paints, coatings, products related to home decor, bath fittings and providing related services.",https://www.asianpaints.com/,https://www.nseindia.com/get-quotes/equity?symbol=ASIANPAINT,https://www.bseindia.com/stock-share-price/asian-paints-ltd/asianpaint/500820/,1.0,188.0,41.75,31.45,Materials,Paints & Coatings,1.13,Large Cap,2024.0,2126725.18,2475080.63,73.37,3.9,23.94,2.42,17.843999999999998
160,BAJAJ-AUTO,Mar 2024,17.18,19.53,26.61,0.07,174.42,1.14,6486.0,Asset Light,276.0,103.80645161290323,29.0,1912.0,6558.0,,-50.0,-50.0,,,https://mkt.in/static/mkt-icons/nifty100/BAJAJ-AUTO.png,Bajaj Auto Ltd,https://in.tradingview.com/chart/qGsydD2w/?symbol=NSE%3AAMBUJACEM.T0,"Bajaj Auto, the flagship company of Bajaj Group, is a two-wheeler and three-wheeler manufacturing company that exports to 79 countries across several countries in Latin America, Southeast Asia, and many more. Its headquarter is in Pune, India.
It has acquired 48% of the KTM Brand which manufactures sports and super sports two-wheelers, which was 14% in 2007 when the company first acquired KTM. [1]

",https://www.bajajauto.com/,https://www.nseindia.com/get-quotes/equity?symbol=BAJAJ-AUTO,https://www.bseindia.com/stock-share-price/bajaj-auto-ltd/BAJAJ-AUTO/532977/,10.0,1109.0,33.5,26.5,Consumer Discretionary,Two Wheelers,3.9,Large Cap,2024.0,653817.3,679803.97,29.91,9.83,20.14,3.59,36.7215
161,BAJAJ-AUTO,Mar 2024,17.18,19.53,26.61,0.07,174.42,1.14,6486.0,Asset Light,276.0,103.80645161290323,29.0,1912.0,6558.0,,-50.0,-50.0,,,https://mkt.in/static/mkt-icons/nifty100/BAJAJ-AUTO.png,Bajaj Auto Ltd,https://in.tradingview.com/chart/qGsydD2w/?symbol=NSE%3AAMBUJACEM.T0,"Bajaj Auto, the flagship company of Bajaj Group, is a two-wheeler and three-wheeler manufacturing company that exports to 79 countries across several countries in Latin America, Southeast Asia, and many more. Its headquarter is in Pune, India.
It has acquired 48% of the KTM Brand which manufactures sports and super sports two-wheelers, which was 14% in 2007 when the company first acquired KTM. [1]

",https://www.bajajauto.com/,https://www.nseindia.com/get-quotes/equity?symbol=BAJAJ-AUTO,https://www.bseindia.com/stock-share-price/bajaj-auto-ltd/BAJAJ-AUTO/532977/,10.0,1109.0,33.5,26.5,Consumer Discretionary,Two Wheelers,3.9,Large Cap,2024.0,653817.3,679803.97,29.91,9.83,20.14,3.59,36.7215
185,BAJAJFINSV,Mar 2024,14.13,37.04,25.85,4.79,2.2,0.21,-79634.0,Capital Intensive,51.0,379.42138364779873,2.0,288933.0,-68674.0,,-50.0,-50.0,,,https://mkt.in/static/mkt-icons/nifty100/BAJAJFINSV.png,Bajaj Finserv Ltd,https://in.tradingview.com/chart/?symbol=NSE%3ABAJAJFINSV,"Bajaj Finserv Limited is an Indian non-banking financial services company headquartered in Pune. It is focused on lending, asset management, wealth management and insurance.",https://www.bajajfinserv.in/,https://www.nseindia.com/get-quotes/equity?symbol=BAJAJFINSV,https://www.bseindia.com/stock-share-price/bajaj-finserv-ltd/bajajfinsv/532978/,1.0,428.0,21.14,11.72,Financials,Diversified Financials,2.12,Large Cap,2024.0,1905112.17,1807796.2,15.07,6.08,39.72,2.56,14.2005
197,BAJAJHLDNG,Mar 2024,432.73,91.77,13.58,0.0,3764.5,0.03,1469.0,Capital Intensive,653.0,488.7117117117117,20.0,63.0,1941.0,,-50.0,-50.0,,,https://mkt.in/static/mkt-icons/nifty100/BAJAJHLDNG.png,Bajaj Holdings & Investment Ltd,https://in.tradingview.com/chart/qGsydD2w/?symbol=NSE%3AAMBUJACEM.T0,"Bajaj Holdings & Investment Ltd. operates as an Investment Company and is registered as a Non-Banking Financial Institution- Investment and Credit Company with the Reserve Bank of India. The Co. holds more than 36% stake in both Bajaj Auto Ltd. and Bajaj Finserv Ltd.

",https://www.bhil.in/,https://www.nseindia.com/get-quotes/equity?symbol=BAJAJHLDNG,https://www.bseindia.com/stock-share-price/bajaj-holdings-investment-ltd/BAJAJHLDNG/500490/,10.0,5375.0,13.1,14.8,Financials,Holding Companies,3.36,Large Cap,2024.0,2191568.13,2726439.01,37.73,9.38,27.47,3.37,586.424
207,BAJFINANCE,Mar 2024,26.29,29.29,18.84,3.82,2689.17,0.15,-79931.0,Capital Intensive,233.0,618.516129032258,15.0,293346.0,-72760.0,,-50.0,-50.0,,,https://mkt.in/static/mkt-icons/nifty100/BAJFINANCE.png,Bajaj Finance Ltd,https://in.tradingview.com/chart/qGsydD2w/?symbol=NSE%3AAMBUJACEM.T0,"Bajaj Finance is mainly engaged in the business of lending. BFL has a diversified lending portfolio across retail, SME and commercial customers with a significant presence in urban and rural India. It also accepts public and corporate deposits and offers variety of financial services products to its customers.",https://www.bajajfinserv.in/,https://www.nseindia.com/get-quotes/equity?symbol=BAJFINANCE,https://www.bseindia.com/stock-share-price/bajaj-finance-ltd/BAJFINANCE/500034/,2.0,1402.0,11.9,22.1,Financials,Consumer Finance,1.78,Large Cap,2024.0,2473271.58,2632574.41,69.2,4.11,15.96,0.27,413.9435
243,BEL,Mar 2024,19.66,24.92,4744.05,0.51,476.75,125.89,-1265.0,Capital Intensive,5.0,7.636363636363637,40.0,43.0,4659.0,,-50.0,-50.0,,,https://mkt.in/static/mkt-icons/nifty100/BEL.png,Bharat Electronics Ltd,https://in.tradingview.com/chart/?symbol=NSE%3ABEL,"Incorporated in 1954, Bharat Electronics Ltd manufactures and supplies electronic equipment and systems to the defence sector. Company also has a limited presence in the civilian market",http://www.bel-india.in/,https://www.nseindia.com/get-quotes/equity?symbol=BEL,https://www.bseindia.com/stock-share-price/bharat-electronics-ltd/BEL/500049/,1.0,24.0,34.6,26.3,Industrials,Defence Electronics,3.65,Large Cap,2024.0,1354781.06,1259877.04,17.89,9.22,23.14,0.76,1262.509
231,BHARTIARTL,Mar 2024,5.71,52.2,10.36,2.61,3.31,0.34,27809.0,Capital Intensive,13.0,28.717066388599235,62.0,215592.0,78898.0,,-50.0,-50.0,,,https://mkt.in/static/mkt-icons/nifty100/BHARTIARTL.png,Bharti Airtel Ltd,https://in.tradingview.com/chart/?symbol=NSE%3ABHARTIARTL,"Bharti Airtel Ltd is one of the world's leading providers of telecommunication services with presence in 18 countries representing India, Sri
Lanka, 14 countries in Africa.",http://www.airtel.in/,https://www.nseindia.com/get-quotes/equity?symbol=BHARTIARTL,https://www.bseindia.com/stock-share-price/bharti-airtel-ltd/BHARTIARTL/532454/,5.0,153.0,13.1,14.9,Communication Services,Telecommunications,1.13,Large Cap,2024.0,378605.83,429972.49,63.78,6.28,39.71,1.02,13.5265
255,BHEL,Mar 2024,1.18,2.98,1.15,0.36,1.59,0.4,-2382.0,Moderate,1.0,35.11206896551724,31.0,8856.0,-3713.0,,-50.0,-50.0,,,https://mkt.in/static/mkt-icons/nifty100/BHEL.png,"Bharat Heavy Electricals Limited
",https://in.tradingview.com/chart/?symbol=BSE%3ABHEL,Bharat Heavy Electricals Limited is an Indian central public sector undertaking and the largest government-owned electrical/ industrial technology company.,https://www.bhel.com/,https://www.nseindia.com/get-quotes/equity?symbol=BHEL,https://www.bseindia.com/stock-share-price/bharat-electronics-ltd/bel/500049/,2.0,70.0,3.28,1.05,Industrials,Capital Goods,1.24,Large Cap,2024.0,540053.85,682460.17,29.8,11.43,21.59,4.04,1.1219999999999999
267,BOSCHLTD,Mar 2024,14.89,12.52,20.64,0.0,71.78,0.96,1536.0,Asset Light,844.0,402.1333333333333,44.0,39.0,1253.0,,-50.0,-50.0,,,https://mkt.in/static/mkt-icons/nifty100/BOSCHLTD.png,Bosch Ltd,https://in.tradingview.com/chart/qGsydD2w/?symbol=NSE%3AAMBUJACEM.T0,"Bosch Ltd has presence across automotive technology, industrial technology, consumer goods and energy and building technology. It manufactures and trades in products such as diesel and gasoline fuel injection systems, automotive aftermarket products, industrial equipment, electrical power tools, security systems",https://www.bosch.in/,https://www.nseindia.com/get-quotes/equity?symbol=BOSCHLTD,https://www.bseindia.com/stock-share-price/bosch-ltd/BOSCHLTD/500530/,10.0,4319.0,20.6,16.0,Consumer Discretionary,Auto Ancillaries,2.82,Large Cap,2024.0,2599556.05,2628370.51,58.43,6.47,16.07,4.23,18.430999999999997
279,BPCL,Mar 2024,5.99,9.84,35.51,0.72,11.36,2.21,25415.0,Asset Light,62.0,35.40964419475655,33.0,54599.0,35936.0,,-50.0,-50.0,,,https://mkt.in/static/mkt-icons/nifty100/BPCL.png,Bharat Petroleum Corporation Ltd,https://in.tradingview.com/chart/qGsydD2w/?symbol=NSE%3AAMBUJACEM.T0,"Bharat Petroleum Corporation is a public sector company which is engaged in the business of refining of crude oil and marketing of petroleum products.[1]

",https://www.bharatpetroleum.in/,https://www.nseindia.com/get-quotes/equity?symbol=BPCL,https://www.bseindia.com/stock-share-price/bharat-petroleum-corporation-ltd/BPCL/500547/,10.0,178.0,32.1,41.9,Energy,Oil & Gas Refining,2.57,Large Cap,2024.0,468662.13,606487.07,68.15,0.72,26.59,1.15,12.5495
291,BRITANNIA,Mar 2024,12.73,18.89,54.15,0.52,20.6,1.85,3050.0,Asset Light,89.0,164.20833333333334,83.0,2065.0,2573.0,,-50.0,-50.0,,,https://mkt.in/static/mkt-icons/nifty100/BRITANNIA.png,Britannia Industries Ltd,https://in.tradingview.com/chart/qGsydD2w/?symbol=NSE%3AAMBUJACEM.T0,"Britannia Industries is one of Indias leading food companies with a 100 year legacy and annual revenues in excess of Rs. 9000 Cr. Britannia is among the most trusted food brands, and manufactures Indias favorite brands like Good Day, Tiger, NutriChoice, Milk Bikis and Marie Gold which are household names in India. Britannias product portfolio includes Biscuits, Bread, Cakes, Rusk, and Dairy products including Cheese, Beverages, Milk and Yoghurt.

",https://www.britannia.co.in/,https://www.nseindia.com/get-quotes/equity?symbol=BRITANNIA,https://www.bseindia.com/stock-share-price/britannia-industries-ltd/BRITANNIA/500825/,1.0,133.0,48.9,57.1,Consumer Staples,Food Products,0.66,Large Cap,2024.0,324745.74,376568.58,63.91,4.26,33.95,1.88,20.4055
327,CIPLA,Mar 2024,16.12,75.59,15.55,0.02,35.34,0.79,1152.0,Capital Intensive,51.0,165.87577639751552,25.0,559.0,4134.0,,-50.0,-50.0,,,https://mkt.in/static/mkt-icons/nifty100/CIPLA.png,"Cipla Ltd
","https://in.tradingview.com/chart/qGsydD2w/?symbol=NSE%3AAMBUJACEM.T0
",Cipla is engaged in the Business of Pharmaceuticals.(Source : 202003 Annual Report Page No:157),https://www.cipla.com/,https://www.nseindia.com/get-quotes/equity?symbol=CIPLA,https://www.bseindia.com/stock-share-price/cipla-ltd/CIPLA/500087/,2.0,351.0,22.8,16.8,Healthcare,Pharmaceuticals,0.95,Large Cap,2024.0,439803.15,562931.78,59.75,5.93,33.7,0.12,24.3065
339,COALINDIA,Mar 2024,26.26,66.29,45.17,0.08,11.24,0.6,13617.0,Moderate,61.0,13.423657309751745,42.0,6523.0,18103.0,,-50.0,-50.0,,,https://mkt.in/static/mkt-icons/nifty100/COALINDIA.png,Coal India Ltd,https://in.tradingview.com/chart/?symbol=NSE%3ACOALINDIA,"Coal India Ltd is mainly engaged in mining and production of Coal and also operates Coal washeries. The major consumers of the company are power and steel sectors. Consumers from other sectors include cement, fertilizers, brick kilns etc.",http://www.coalindia.in/,https://www.nseindia.com/get-quotes/equity?symbol=COALINDIA,https://www.bseindia.com/stock-share-price/coal-india-ltd/COALINDIA/533278/,10.0,156.0,63.6,52.0,Materials,Mining & Metals,2.46,Large Cap,2024.0,454024.84,574785.39,34.27,14.75,25.15,4.38,26.236500000000003
351,DABUR,Mar 2024,14.6,19.35,18.36,0.14,23.24,0.82,1042.0,Moderate,10.0,55.740112994350284,53.0,1365.0,2013.0,,-50.0,-50.0,,,https://mkt.in/static/mkt-icons/nifty100/DABUR.png,Dabur India Ltd,https://in.tradingview.com/chart/?symbol=NSE%3ADABUR,Dabur India is one of the leading fast moving consumer goods (FMCG) players dealing in consumer care and food products.,http://www.dabur.com/,https://www.nseindia.com/get-quotes/equity?symbol=DABUR,https://www.bseindia.com/stock-share-price/dabur-india-ltd/DABUR/500096/,1.0,59.0,22.3,19.2,Consumer Staples,Personal Products,2.4,Large Cap,2024.0,56521.84,67755.32,50.95,13.59,12.02,3.42,11.946000000000002
363,DIVISLAB,Mar 2024,20.4,28.17,11.79,0.0,636.25,0.51,992.0,Moderate,60.0,256.0566037735849,50.0,3.0,1261.0,,-50.0,-50.0,,,https://mkt.in/static/mkt-icons/nifty100/DIVISLAB.png,Divis Laboratories Ltd,https://in.tradingview.com/chart/qGsydD2w/?symbol=NSE%3AAMBUJACEM.T0,"Incorporated in 1990, Divis Laboratories Ltd manufactures and exports API's, Intermediates and Nutraceutical ingredients",https://www.divislaboratories.com/lander,https://www.nseindia.com/get-quotes/equity?symbol=DIVISLAB,https://www.bseindia.com/stock-share-price/divis-laboratories-ltd/DIVISLAB/532488/,2.0,517.0,16.5,12.2,Healthcare,Pharmaceuticals,3.75,Large Cap,2024.0,1615028.67,1501836.03,69.95,12.34,31.81,1.39,104.019
375,DLF,Mar 2024,42.38,33.05,6.91,0.12,7.46,0.11,1010.0,Capital Intensive,11.0,79.65858585858585,45.0,4834.0,2539.0,,-50.0,-50.0,,,https://mkt.in/static/mkt-icons/nifty100/DLF.png,DLF Ltd,https://in.tradingview.com/chart/qGsydD2w/?symbol=NSE%3AAMBUJACEM.T0,"DLF Ltd with its subsidiaries, associates and JVs is engaged in real estate development, from the identification and acquisition of land to planning, execution, construction and marketing of projects. It is also engaged in business of leasing, generation of power, provision of maintenance services, hospitality and recreational services which are related to the overall development of real estate business.",https://www.dlf.in/,https://www.nseindia.com/get-quotes/equity?symbol=DLF,https://www.bseindia.com/stock-share-price/dlf-ltd/DLF/532868/,2.0,163.0,5.74,6.95,Real Estate,Real Estate,2.86,Large Cap,2024.0,1381712.03,1248409.43,46.26,14.32,10.41,2.58,9.456499999999998
387,DMART,Mar 2024,4.99,8.08,13.56,0.03,73.29,2.4,278.0,Moderate,39.0,28.721966205837173,0.0,592.0,2746.0,,-50.0,-50.0,,,https://mkt.in/static/mkt-icons/nifty100/DMART.png,Avenue Supermarts Ltd,https://in.tradingview.com/chart/?symbol=NSE%3ADMART,"Avenue Supermarts Limited (DMart) is a national supermarket chain, with a focus on value-retailing. We offer a wide range of products with a focus on the Foods, Non-Foods (FMCG) and General Merchandise
& Apparel product categories",http://www.dmartindia.com/,https://www.nseindia.com/get-quotes/equity?symbol=DMART,https://www.bseindia.com/stock-share-price/avenue-supermarts-ltd/DMART/540376/,10.0,309.0,19.4,14.5,Consumer Discretionary,Retail,3.07,Large Cap,2024.0,3053088.97,3624591.94,72.53,11.71,36.84,1.94,15.999500000000001
399,DRREDDY,Mar 2024,19.91,28.32,19.74,0.07,51.71,0.72,509.0,Capital Intensive,67.0,340.4096385542169,12.0,2002.0,4543.0,,-50.0,-50.0,,,https://mkt.in/static/mkt-icons/nifty100/DRREDDY.png,Dr Reddys Laboratories Ltd,https://in.tradingview.com/chart/qGsydD2w/?symbol=NSE%3AAMBUJACEM.T0,"Dr. Reddy's Laboratories Ltd is a leading India-based pharmaceutical company which offers a portfolio of products and services, including Active Pharmaceutical Ingredients (APIs), Custom Pharmaceutical services (CPS), generics, biosimilars and differentiated formulations.",https://www.drreddys.com/,https://www.nseindia.com/get-quotes/equity?symbol=DRREDDY,https://www.bseindia.com/stock-share-price/dr-reddys-laboratories-ltd/DRREDDY/500124/,1.0,369.0,26.5,21.4,Healthcare,Pharmaceuticals,1.01,Mid Cap,2024.0,2441803.28,2725256.67,11.73,10.19,14.56,0.09,18.3555
411,EICHERMOT,Mar 2024,24.2,26.18,22.17,0.02,114.71,0.72,890.0,Capital Intensive,146.0,668.3333333333334,35.0,419.0,3724.0,,-50.0,-50.0,,,https://mkt.in/static/mkt-icons/nifty100/EICHERMOT.png,Eicher Motors Ltd,https://in.tradingview.com/chart/qGsydD2w/?symbol=NSE%3AAMBUJACEM.T0,"Eicher Motors Limited, incorporated in 1982, is the listed company of the Eicher Group in India and a leading player in the Indian automobile industry and the global leader in middleweight motorcycles.
Eicher has a joint venture with Sweden's AB Volvo to create Volvo Eicher Commercial Vehicles Limited (VECV). VECV is engaged in truck and bus operations, auto components business, and technical ",https://www.eicher.in/,https://www.nseindia.com/get-quotes/equity?symbol=EICHERMOT,https://www.bseindia.com/stock-share-price/eicher-motors-ltd/EICHERMOT/505200/,1.0,693.0,31.1,24.2,Consumer Discretionary,Two Wheelers,3.13,Large Cap,2024.0,222391.83,234358.89,15.62,13.61,19.29,4.41,27.985
423,GAIL,Mar 2024,7.43,10.74,12.86,0.28,23.62,1.07,4360.0,Moderate,15.0,11.710570342205322,37.0,21794.0,12586.0,,-50.0,-50.0,,,https://mkt.in/static/mkt-icons/nifty100/GAIL.png,GAIL (India) Ltd,https://in.tradingview.com/chart/?symbol=NSE%3AGAIL,"Incorporated in 1984, GAIL, a Government of India undertaking, is an integrated natural gas company in India. It owns over 11,500 km of natural gas pipelines, over 2300 km of LPG pipelines, six LPG gas-processing units and a petrochemicals facility. It also has a joint-venture interest in Petronet LNG Ltd, Ratnagiri Gas and Power Pvt Ltd, and in the CGD business in several cities",https://gailonline.com/,https://www.nseindia.com/get-quotes/equity?symbol=GAIL,https://www.bseindia.com/stock-share-price/gail-india-ltd/GAIL/532155/,10.0,127.0,14.7,14.0,Energy,Gas Distribution,3.12,Large Cap,2024.0,1531867.57,1613856.89,25.84,9.54,33.07,0.31,8.905999999999999
447,GRASIM,Mar 2024,7.58,20.76,11.2,1.55,3.02,0.32,-33833.0,Capital Intensive,85.0,666.5639097744361,12.0,137155.0,-10719.0,,-50.0,-50.0,,,https://mkt.in/static/mkt-icons/nifty100/GRASIM.png,Grasim Industries Ltd,https://in.tradingview.com/chart/qGsydD2w/?symbol=NSE%3AAMBUJACEM.T0,"Grasim Industries Limited is the flagship company of the Aditya Birla group, it ranks amongst India's largest private sector companies. On standalone basis, GIL's core businesses comprise of viscose Staple fibre (VSF), caustic soda, speciality chemicals, rayon-grade wood pulp (RGWP) with plants at multiple locations. It also has certain other businesses such as fertiliser, textile",https://www.grasim.com/,https://www.nseindia.com/get-quotes/equity?symbol=GRASIM,https://www.bseindia.com/stock-share-price/grasim-industries-ltd/GRASIM/500300/,2.0,1411.0,9.3,6.9,Industrials,Diversified Industrials,2.61,Mid Cap,2024.0,478951.82,601673.21,79.35,5.68,15.23,0.98,7.405
455,HAL,Mar 2024,25.0,32.09,3816.58,0.62,270.88,67.51,1814.0,Capital Intensive,114.0,39.8,31.0,123.0,8226.0,,-50.0,-50.0,,,https://mkt.in/static/mkt-icons/nifty100/HAL.png,Hindustan Aeronautics Ltd,https://in.tradingview.com/chart/qGsydD2w/?symbol=NSE%3AAMBUJACEM.T0,"Hindustan Aeronautics is engaged in the business of Manufacture of Aircraft and Helicopters and Repair, Maintenance of Aircraft and Helicopters",https://hal-india.co.in/,https://www.nseindia.com/get-quotes/equity?symbol=HAL,https://www.bseindia.com/stock-share-price/hindustan-aeronautics-ltd/HAL/541154/,5.0,465.0,38.9,28.9,Industrials,Defence & Aerospace,1.6,Large Cap,2024.0,2643616.86,3140281.78,71.89,3.65,8.76,2.77,1001.1949999999999
467,HAVELLS,Mar 2024,6.84,10.12,17.07,0.04,25.36,1.5,335.0,Capital Intensive,20.0,118.2063492063492,44.0,303.0,1953.0,,-50.0,-50.0,,,https://mkt.in/static/mkt-icons/nifty100/HAVELLS.png,Havells India Ltd,https://in.tradingview.com/chart/qGsydD2w/?symbol=NSE%3AAMBUJACEM.T0,"Havells India Limited is a leading Fast Moving Electrical Goods (FMEG) Company and a major power distribution equipment manufacturer with a strong global presence.
It enjoys enviable market dominance across a wide spectrum of products, including Industrial & Domestic Circuit Protection Devices, Cables & Wires, Motors, Fans, Modular Switches, Home Appliances, Air Conditioners, Electric Water Heaters, Power Capacitors, Luminaires for Domestic, Commercial and Industrial",https://havells.com/,https://www.nseindia.com/get-quotes/equity?symbol=HAVELLS,https://www.bseindia.com/stock-share-price/havells-india-ltd/HAVELLS/517354/,1.0,124.0,24.4,18.0,Industrials,Consumer Electricals,1.44,Large Cap,2024.0,2521508.87,2620805.22,45.41,14.08,30.73,2.6,10.0955
478,HCLTECH,Mar 2024,14.29,22.02,23.01,0.08,46.46,1.11,15840.0,Moderate,58.0,125.7145488029466,90.0,5758.0,22448.0,,-50.0,-50.0,,,https://mkt.in/static/mkt-icons/nifty100/HCLTECH.png,HCL Technologies Ltd,https://in.tradingview.com/chart/qGsydD2w/?symbol=NSE%3AAMBUJACEM.T0,"HCL Tech is a leading global IT services company, which is ranked amongst the top five Indian IT services companies in terms of revenues. Since its inception into the global landscape after its IPO in 1999, HCL Tech has focused on transformational outsourcing, and offers an integrated portfolio of services including software-led IT solutions, remote infrastructure management, engineering and R&D services and BPO. The company leverages its extensive global offshore infrastructure and network of offices in 46 ",https://www.hcltech.com/,https://www.nseindia.com/get-quotes/equity?symbol=HCLTECH,https://www.bseindia.com/stock-share-price/hcl-technologies-ltd/HCLTECH/532281/,2.0,254.0,29.6,23.3,Information Technology,IT Services,2.5,Large Cap,2024.0,412593.29,461362.25,63.63,5.44,31.21,1.99,17.125500000000002
502,HDFCLIFE,Mar 2024,1.55,99.48,10.73,0.06,192.29,0.34,-2893.0,Capital Intensive,7.0,6.818224081822408,27.0,950.0,10721.0,,-50.0,-50.0,,,https://mkt.in/static/mkt-icons/nifty100/HDFCLIFE.png,HDFC Life Insurance Company Ltd,https://in.tradingview.com/chart/?symbol=NSE%3AHDFCLIFE,HDFC Life Insurance Company is engaged in carrying on the business of life insurance. The Company offers a range of individual and group insurance solutions.,http://www.hdfclife.com/,https://www.nseindia.com/get-quotes/equity?symbol=HDFCLIFE,https://www.bseindia.com/stock-share-price/hdfc-life-insurance-company-ltd/HDFCLIFE/540777/,10.0,73.0,6.61,11.4,Financials,Life Insurance,0.93,Large Cap,2024.0,47027.6,42921.31,50.59,11.28,31.63,3.22,51.422
513,HEROMOTOCO,Mar 2024,9.9,86.15,21.14,0.03,47.27,1.44,3095.0,Moderate,187.0,442.475,75.0,606.0,4923.0,,-50.0,-50.0,,,https://mkt.in/static/mkt-icons/nifty100/HEROMOTOCO.png,"Hero MotoCorp Ltd
",https://in.tradingview.com/chart/?symbol=NSE%3AHEROMOTOCO,"Hero Moto Corp earlier also known as \""Hero Honda\"" is one of India's first motorcycle manufacturers.
The company started in 1984 as a Technological collaboration with Honda, Japan. Before this collaboration, Hero was selling Cycles under the brand name, Hero Cycles.",http://www.heromotocorp.com/,https://www.nseindia.com/get-quotes/equity?symbol=HEROMOTOCO,https://www.bseindia.com/stock-share-price/hero-motocorp-ltd/HEROMOTOCO/500182/,2.0,951.0,29.1,22.0,Consumer Discretionary,Two Wheelers,0.26,Large Cap,2024.0,1593400.88,1475343.49,53.86,12.6,28.27,1.91,29.6055
525,HINDALCO,Mar 2024,4.7,88.95,9.57,0.53,126.47,0.94,9789.0,Moderate,45.0,478.13513513513516,8.0,56356.0,24056.0,,-50.0,-50.0,,,https://mkt.in/static/mkt-icons/nifty100/HINDALCO.png,Hindalco Industries Ltd,https://in.tradingview.com/chart/?symbol=NSE%3AHINDALCO,"Incorporated in 1958, Hindalco Industries Ltd. is a flagship company of the Aditya Birla Group. The Co and its subsidiaries are primarily engaged in the production of Aluminium and Copper. It is also
engaged in the manufacturing of aluminium sheet, extrusion and light gauge products for use in packaging markets like beverage and food, can and foil products, etc.",http://www.hindalco.com/,https://www.nseindia.com/get-quotes/equity?symbol=HINDALCO,https://www.bseindia.com/stock-share-price/hindalco-industries-ltd/HINDALCO/500440/,1.0,153.0,11.3,10.2,Materials,Metals & Mining,0.64,Large Cap,2024.0,722281.1,656285.92,56.45,9.32,27.63,0.98,39.153000000000006
537,HINDUNILVR,Mar 2024,16.61,76.32,20.07,0.03,57.85,0.79,10145.0,Capital Intensive,44.0,217.94893617021276,96.0,1484.0,15469.0,,-50.0,-50.0,,,https://mkt.in/static/mkt-icons/nifty100/HINDUNILVR.png,"Hindustan Unilever Ltd
",https://in.tradingview.com/chart/?symbol=NSE%3AHINDUNILVR,"Hindustan Unilever is in the FMCG business comprising primarily of Home Care, Beauty & Personal Care and Foods & Refreshment segments. The Company has manufacturing facilities across the country and sells primarily in India.",http://www.hul.co.in/,https://www.nseindia.com/get-quotes/equity?symbol=HINDUNILVR,https://www.bseindia.com/stock-share-price/hindustan-unilever-ltd/HINDUNILVR/500696/,1.0,216.0,27.2,20.2,Consumer Staples,FMCG,1.11,Mid Cap,2024.0,548890.59,587463.38,34.51,11.88,7.52,4.32,28.959000000000003
561,ICICIGI,Mar 2024,9.37,87.42,15.72,0.0,160.03,0.32,486.0,Capital Intensive,39.0,24.75659229208925,28.0,35.0,2407.0,,-50.0,-50.0,,,https://mkt.in/static/mkt-icons/nifty100/ICICIGI.png,ICICI Lombard General Insurance Company Ltd,https://in.tradingview.com/chart/?symbol=NSE%3AICICIGI,ICICI Lombard General Insurance Co. Ltd is one of the leading and established private sector general insurance companies in India. It offers a well-diversified range of products and risk management solutions through multiple distribution channels,http://www.icicilombard.com/,https://www.nseindia.com/get-quotes/equity?symbol=ICICIGI,https://www.bseindia.com/stock-share-price/icici-lombard-general-insurance-company-ltd/ICICIGI/540716/,10.0,275.0,22.5,17.0,Financials,General Insurance,3.51,Large Cap,2024.0,1271789.21,1382030.89,49.0,7.86,36.96,3.46,45.4185
573,ICICIPRULI,Mar 2024,0.94,102.03,7.73,0.11,31.02,0.3,105.0,Capital Intensive,6.0,7.63705759888966,10.0,1200.0,-7315.0,,-50.0,-50.0,,,https://mkt.in/static/mkt-icons/nifty100/ICICIPRULI.png,ICICI Prudential Life Insurance Company Ltd,https://in.tradingview.com/chart/qGsydD2w/?symbol=NSE%3AAMBUJACEM.T0,"ICICI Prudential Life Insurance Company Ltd carries on business of providing life insurance, pensions and health insurance products to individuals and groups. The business is conducted in participating, non-participating and unit linked lines of business. These products are distributed through individual agents, corporate agents, banks, brokers, sales force and company's website.[1]

It is promoted by ICICI Bank and Prudential Corporation :-

ICICI Bank (51% stake)[2] - The company is a part of ICICI Bank Ltd which is the 2nd largest private bank in India. It offers a diversified range of products and services to retail, SME and corporate customers.[3]

Prudential Plc (22% stake) - It is a British multinational insurance company based in London, England. It is the largest UK life insurer in Asia with presence in India, China, Cambodia, Indonesia, Laos, Malaysia, Myanmar, Philippines and other Asian countries. It is also present in African subcontinent in Nigeria, Ghana, Togo and other countries.[4]

",https://www.iciciprulife.com/,https://www.nseindia.com/get-quotes/equity?symbol=ICICIPRULI,https://www.bseindia.com/stock-share-price/icici-prudential-life-insurance-company-ltd/ICICIPRULI/540133/,10.0,80.0,8.75,8.07,Financials,Life Insurance,2.47,Large Cap,2024.0,1596987.55,2014403.87,20.83,12.38,22.57,0.35,26.991500000000002
1184,INDIGO,Mar 2024,11.85,76.3,892.57,0.02,22.61,56.39,9424.0,Capital Intensive,212.0,19.0625,0.0,17.0,21183.0,,-50.0,-50.0,,,"https://rb.gy/rv6gr8
",Interglobe Aviation Ltd,https://in.tradingview.com/chart/?symbol=NSE%3AINDIGO,"Interglobe Aviation Ltd (Indigo) is India's largest passenger airline operating as a low-cost carrier. Serving 86 destinations including 24 international destinations, it provides passengers with a simple, unbundled product, fulfilling its singular brand promise of providing \""low fares, on-time flights, and a courteous and hassle-free service\"" to its customers. IndiGo commenced operations in August 2006 with a single aircraft and has grown its fleet to 262 aircrafts.",http://www.goindigo.in/,https://www.nseindia.com/get-quotes/equity?symbol=INDIGO,https://www.bseindia.com/stock-share-price/interglobe-aviation-ltd/INDIGO/539448/,10.0,97.0,24.5,,Consumer Discretionary,Airlines,3.03,Large Cap,2024.0,1040632.92,1061542.29,76.23,7.87,24.64,4.27,241.794
597,INFY,Mar 2024,17.08,23.7,29.79,0.09,87.52,1.13,20117.0,Moderate,63.0,42.54756156446161,,8359.0,25210.0,5.0,-50.0,-50.0,     10 Years:     15%,10 Years:      27%,https://images.5paisa.com/MarketIcons/INFY.png,Infosys Ltd,https://in.tradingview.com/chart/?symbol=NSE%3AINFY,"Infosys Ltd provides consulting, technology, outsourcing and next-generation digital services to enable clients to execute strategies for their digital transformation",http://www.infosys.com/,https://www.nseindia.com/get-quotes/equity?symbol=INFY,https://www.bseindia.com/stock-share-price/infosys-ltd/INFY/500209/,5.0,218.0,40.0,31.8,Information Technology,IT Services,3.37,Large Cap,2024.0,1112279.92,1372029.68,35.99,8.97,36.7,4.1,25.3155
597,INFY,Mar 2024,17.08,23.7,29.79,0.09,87.52,1.13,20117.0,Moderate,63.0,42.54756156446161,,8359.0,25210.0,6.0,-50.0,-50.0,       5 Years:     22%,5 Years:        29%,https://images.5paisa.com/MarketIcons/INFY.png,Infosys Ltd,https://in.tradingview.com/chart/?symbol=NSE%3AINFY,"Infosys Ltd provides consulting, technology, outsourcing and next-generation digital services to enable clients to execute strategies for their digital transformation",http://www.infosys.com/,https://www.nseindia.com/get-quotes/equity?symbol=INFY,https://www.bseindia.com/stock-share-price/infosys-ltd/INFY/500209/,5.0,218.0,40.0,31.8,Information Technology,IT Services,3.37,Large Cap,2024.0,1112279.92,1372029.68,35.99,8.97,36.7,4.1,25.3155
597,INFY,Mar 2024,17.08,23.7,29.79,0.09,87.52,1.13,20117.0,Moderate,63.0,42.54756156446161,,8359.0,25210.0,7.0,-50.0,-50.0,       3 Years:     4%,3 Years:        31%,https://images.5paisa.com/MarketIcons/INFY.png,Infosys Ltd,https://in.tradingview.com/chart/?symbol=NSE%3AINFY,"Infosys Ltd provides consulting, technology, outsourcing and next-generation digital services to enable clients to execute strategies for their digital transformation",http://www.infosys.com/,https://www.nseindia.com/get-quotes/equity?symbol=INFY,https://www.bseindia.com/stock-share-price/infosys-ltd/INFY/500209/,5.0,218.0,40.0,31.8,Information Technology,IT Services,3.37,Large Cap,2024.0,1112279.92,1372029.68,35.99,8.97,36.7,4.1,25.3155
597,INFY,Mar 2024,17.08,23.7,29.79,0.09,87.52,1.13,20117.0,Moderate,63.0,42.54756156446161,,8359.0,25210.0,8.0,-50.0,-50.0,       1 Year:       27%,Last Year:     32%,https://images.5paisa.com/MarketIcons/INFY.png,Infosys Ltd,https://in.tradingview.com/chart/?symbol=NSE%3AINFY,"Infosys Ltd provides consulting, technology, outsourcing and next-generation digital services to enable clients to execute strategies for their digital transformation",http://www.infosys.com/,https://www.nseindia.com/get-quotes/equity?symbol=INFY,https://www.bseindia.com/stock-share-price/infosys-ltd/INFY/500209/,5.0,218.0,40.0,31.8,Information Technology,IT Services,3.37,Large Cap,2024.0,1112279.92,1372029.68,35.99,8.97,36.7,4.1,25.3155
609,IOC,Mar 2024,5.56,9.74,23.53,0.72,10.28,1.61,39635.0,Moderate,30.0,13.318109207086843,40.0,132628.0,71099.0,,-50.0,-50.0,,,https://mkt.in/static/mkt-icons/nifty100/IOC.png,"Indian Oil Corporation
",https://in.tradingview.com/chart/?symbol=NSE%3AIOC,"Indian Oil Corporation Limited, trading as IndianOil, is an Indian multinational oil and gas company under the ownership of Government of India and administrative control of the Ministry of Petroleum and Natural Gas.",https://www.iocl.com/,https://www.nseindia.com/get-quotes/equity?symbol=IOC,https://www.bseindia.com/stock-share-price/indian-oil-corporation-ltd/ioc/530965/,10.0,129.0,21.31,25.44,Energy,Oil & Gas Refining,0.27,Mid Cap,2024.0,1418164.33,1786391.89,28.61,4.24,33.71,1.25,9.3725
619,IRCTC,Mar 2024,26.02,34.33,34.4,0.02,82.74,0.7,667.0,Moderate,14.0,20.1875,47.0,60.0,882.0,,-50.0,-50.0,,,https://mkt.in/static/mkt-icons/nifty100/IRCTC.png,Indian Railway Catering & Tourism Corporation Ltd,https://in.tradingview.com/chart/?symbol=NSE%3AIRCTC,"Incorporated in 1999, IRCTC is a Mini Ratna (Category 1, Central Public Sector Enterprises ) and the only company authorized by the Indian government to provide online railway tickets, catering services, and packaged drinking water
at railway stations and trains in India",http://www.irctc.com/,https://www.nseindia.com/get-quotes/equity?symbol=IRCTC,https://www.bseindia.com/stock-share-price/indian-railway-catering-tourism-corporation-ltd/IRCTC/542830/,2.0,44.0,53.8,40.4,Consumer Discretionary,Travel & Tourism,3.97,Mid Cap,2024.0,1258520.29,1473943.68,60.44,5.74,32.47,1.08,27.877
640,ITC,Mar 2024,29.28,37.02,27.85,0.0,362.96,0.77,18742.0,Asset Light,16.0,59.701121794871796,84.0,303.0,17179.0,,-50.0,-50.0,,,https://mkt.in/static/mkt-icons/nifty100/ITC.png,"ITC Ltd
",https://in.tradingview.com/chart/?symbol=ITC,"ITC Limited is an Indian conglomerate, headquartered in Kolkata. It has a presence across six business segments, namely FMCG, hotels, agribusiness, information technology, paper products, and packaging.",https://www.itcportal.com/,https://www.nseindia.com/get-quotes/equity?symbol=ITC,https://www.bseindia.com/stock-share-price/itc-ltd/itc/500875/,1.0,60.0,34.76,29.47,Consumer Staples,Diversified FMCG,1.39,Large Cap,2024.0,332245.58,369131.93,47.85,3.24,17.19,4.26,68.81049999999999
652,JINDALSTEL,Mar 2024,11.8,20.26,13.41,0.37,8.0,0.64,-2336.0,Capital Intensive,58.0,443.16,3.0,16472.0,6008.0,,-50.0,-50.0,,,https://mkt.in/static/mkt-icons/nifty100/JINDALSTEL.png,Jindal Steel & Power Ltd,https://in.tradingview.com/chart/?symbol=NSE%3AJINDALSTEL,"Jindal Steel & Power Ltd is one of the India's leading steel producers with significant presence in sectors like mining and power generation. The group has global presence through subsidiaries, mainly in Australia, Botswana, Indonesia, Mauritius, Mozambique, Madagascar, Namibia, South Africa, Tanzania and Zambia",http://www.jindalsteelpower.com/,https://www.nseindia.com/get-quotes/equity?symbol=JINDALSTEL,https://www.bseindia.com/stock-share-price/jindal-steel-power-ltd/JINDALSTEL/532286/,1.0,464.0,13.2,14.1,Materials,Steel,1.41,Large Cap,2024.0,396587.97,478682.44,77.64,5.73,20.22,1.9,8.6045
654,JIOFIN,Mar 2024,86.52,84.04,1.15,0.0,198.8,0.01,763.0,Capital Intensive,3.0,21.902565716984103,0.0,0.0,-678.0,,-50.0,-50.0,,,"https://mkt.in/static/mkt-icons/nifty100/JIOFIN.png
",Jio Financial Services Ltd,https://in.tradingview.com/chart/?symbol=NSE%3AJIOFIN,"Jio Financial Services Ltd is an Indian financial services company, based in Mumbai. Originally a subsidiary of Reliance Industries, it was demerged as an independent entity and listed on the Indian stock exchanges in August 2023.",https://www.jfs.in/,https://www.nseindia.com/get-quotes/equity?symbol=JIOFIN,https://bseindia.com/stock-share-price/jio-financial-services-ltd/jiofin/543940/,10.0,216.0,2.16,1.82,Financials,Diversified Financials,0.38,Mid Cap,2024.0,1401774.99,1814281.53,34.24,9.91,26.41,3.09,46.91550000000001
666,JSWENERGY,Mar 2024,15.02,46.86,8.28,1.52,2.85,0.2,-1963.0,Capital Intensive,10.0,12.694698354661792,19.0,31573.0,6234.0,,-50.0,-50.0,,,https://mkt.in/static/mkt-icons/nifty100/JSWENERGY.png,JSW Energy Ltd,https://in.tradingview.com/chart/qGsydD2w/?symbol=NSE%3AAMBUJACEM.T0,"JSW Energy Ltd and its subsidiaries are primarily engaged in the business of generation of power from its power assets located at Karnataka, Maharashtra, Nandyal and Salboni. It is the holding company for the JSW group's power business.
The company also has a JV company engaged in mining activities and an associate engaged in manufacturing of turbines.[1]

",https://www.jsw.in/,https://www.nseindia.com/get-quotes/equity?symbol=JSWENERGY,https://www.bseindia.com/stock-share-price/jsw-energy-ltd/JSWENERGY/533148/,10.0,160.0,8.59,8.4,Energy,Power & Utilities,1.14,Mid Cap,2024.0,110870.53,124622.6,24.79,9.88,35.95,1.25,11.8695
678,JSWSTEEL,Mar 2024,5.13,16.09,11.55,1.13,3.66,0.77,-2389.0,Capital Intensive,36.0,254.65245901639344,25.0,87984.0,12078.0,,-50.0,-50.0,,,https://mkt.in/static/mkt-icons/nifty100/JSWSTEEL.png,JSW Steel Ltd,https://in.tradingview.com/chart/?symbol=NSE%3AJSWSTEEL,JSW Steel Limited is an Indian multinational steel producer based in Mumbai and is a flagship company of the JSW Group.,https://www.jswsteel.in/,https://www.nseindia.com/get-quotes/equity?symbol=JSWSTEEL,https://www.bseindia.com/stock-share-price/jsw-steel-ltd/jswsteel/500228/,1.0,326.0,13.36,11.66,Materials,Steel,4.49,Large Cap,2024.0,2612646.38,3187328.18,69.27,4.37,35.49,2.94,6.6545000000000005
690,KOTAKBANK,Mar 2024,32.39,83.67,14.01,4.0,1.24,0.07,6766.0,Capital Intensive,92.0,130.75653923541248,2.0,520374.0,15685.0,,-50.0,-50.0,,,https://mkt.in/static/mkt-icons/nifty100/KOTAKBANK.png,"Kotak Mahindra Bank Ltd
",https://in.tradingview.com/chart/qGsydD2w/?symbol=NSE%3AAMBUJACEM.T0,"Kotak Mahindra Bank is a diversified financial services group providing a wide range of banking and financial services including Retail Banking, Treasury and Corporate Banking, Investment Banking, Stock Broking, Vehicle Finance, Advisory services, Asset Management, Life Insurance and General Insurance.[1]

",https://www.kotak.com/en/home.html,https://www.nseindia.com/get-quotes/equity?symbol=KOTAKBANK,https://www.bseindia.com/stock-share-price/kotak-mahindra-bank-ltd/KOTAKBANK/500247/,5.0,654.0,7.86,15.1,Financials,Private Banks,3.47,Large Cap,2024.0,430223.52,548886.13,32.9,1.15,15.52,1.51,20.422500000000003
696,LICI,Mar 2024,4.84,3.87,49.45,0.0,371.94,0.16,853.0,Asset Light,66.0,13.082529644268774,15.0,0.0,26122.0,,-50.0,-50.0,,,https://mkt.in/static/mkt-icons/nifty100/LICI.png,Life Insurance Corporation of India,https://in.tradingview.com/chart/?symbol=NSE%3ALICI,Life Insurance Corporation of India is an Indian multinational public sector life insurance company headquartered in Mumbai,https://www.licindia.in/,https://www.nseindia.com/get-quotes/equity?symbol=LICI,https://www.bseindia.com/stock-share-price/life-insurance-corporation-of-india/lici/543526/,10.0,154.0,63.79,63.61,Financials,Life Insurance,2.18,Large Cap,2024.0,183583.67,205478.22,30.67,8.1,12.21,3.77,68.9275
705,LODHA,Mar 2024,15.06,25.83,8.9,0.44,5.63,0.22,-435.0,Capital Intensive,16.0,17.574446680080484,,7698.0,2512.0,,-50.0,-50.0,,,https://rb.gy/b35o6u,Macrotech Developers Ltd,https://in.tradingview.com/chart/qGsydD2w/?symbol=NSE%3AAMBUJACEM.T0,"Macrotech Developers Ltd is primarily engaged in the business of real estate development. It is among the largest real estate developers in terms of presales and development pipeline in India with a presence in MMR, Pune and entered in Bengaluru market in Nov'23.[1]

",https://www.lodhagroup.com/,https://www.nseindia.com/get-quotes/equity?symbol=LODHA,https://www.bseindia.com/stock-share-price/macrotech-developers-ltd/LODHA/543287/,10.0,183.0,11.1,10.7,Real Estate,Real Estate,1.59,Large Cap,2024.0,1209919.99,1301112.44,51.95,7.65,34.33,4.05,8.2355
717,LT,Mar 2024,7.03,13.51,77.67,0.1,3.54,8.03,20445.0,Asset Light,95.0,667.2666666666667,36.0,2071.0,18266.0,,-50.0,-50.0,,,https://mkt.in/static/mkt-icons/nifty100/LT.png,Larsen & Toubro Ltd,https://in.tradingview.com/chart/?symbol=NSE%3ALT,"Lithuania, officially the Republic of Lithuania, is a country in the Baltic region of Europe. It is one of three Baltic states and lies on the eastern shore of the Baltic Sea, bordered by Latvia to the north, Belarus to the east and south, Poland to the south, and the Russian semi-exclave of Kaliningrad Oblast to the southwest, with a maritime border with Sweden to the west. ",https://www.larsentoubro.com/,https://www.nseindia.com/get-quotes/equity?symbol=LT,https://www.bseindia.com/stock-share-price/larsen--toubro-ltd/lt/500510/,2.0,635.0,17.18,10.49,Industrials,Engineering & Construction,3.03,Large Cap,2024.0,1124597.5,1097873.76,30.8,2.48,16.63,1.26,22.6505
729,LTIM,Mar 2024,12.91,17.98,22.9,0.1,31.93,1.29,1752.0,Capital Intensive,155.0,667.2666666666667,42.0,2071.0,5670.0,,-50.0,-50.0,,,,LTIMindtree Ltd,https://mkt.in/static/mkt-icons/nifty100/ABB.png,"LTIMindtree Limited is an Indian multinational information technology services and consulting company based in Mumbai. A subsidiary of Larsen & Toubro, the company was incorporated in 1996 and employs more than 81,000 people",https://www.ltimindtree.com/,https://www.nseindia.com/get-quotes/equity?symbol=LTIM,https://www.bseindia.com/stock-share-price/ltimindtree-ltd/ltim/540005/,1.0,711.0,34.1,26.04,Information Technology,IT Services,2.64,Large Cap,2024.0,1347046.9,1647384.23,64.52,2.38,18.9,4.43,14.110499999999998
741,M&M,Mar 2024,8.82,17.9,18.54,1.64,3.76,0.59,-11245.0,Moderate,91.0,118.8330341113106,21.0,108647.0,-5630.0,,-50.0,-50.0,,,https://mkt.in/static/mkt-icons/nifty100/M&M.png,"Mahindra & Mahindra Ltd
",https://in.tradingview.com/chart/?symbol=NSE%3AM&M=,"Mahindra & Mahindra is an Indian automobile manufacturing company headquartered in Mumbai, Maharashtra. It was established in 1945 as Mahindra & Mohammed and later renamed Mahindra & Mahindra.",https://auto.mahindra.com/,https://www.nseindia.com/get-quotes/equity?symbol=M&M,https://www.bseindia.com/stock-share-price/mahindra--mahindra-ltd/mm/500520/,5.0,567.0,26.98,17.99,Consumer Discretionary,Automobiles,3.95,Large Cap,2024.0,4173085.48,3837414.39,14.22,0.81,29.08,2.37,8.779
753,MARUTI,Mar 2024,9.51,13.13,15.75,0.0,117.91,1.23,4936.0,Capital Intensive,429.0,545.452229299363,29.0,119.0,16801.0,,-50.0,-50.0,,,https://mkt.in/static/mkt-icons/nifty100/MARUTI.png,Maruti Suzuki India Ltd,https://in.tradingview.com/chart/?symbol=NSE%3AMARUTI,"Maruti Suzuki India Limited is a publicly listed Indian subsidiary of Japanese automaker Suzuki Motor Corporation. It is the largest automobile manufacturer in India, specialising in small cars.",https://www.marutisuzuki.com/,https://www.nseindia.com/get-quotes/equity?symbol=MARUTI,https://www.bseindia.com/stock-share-price/maruti-suzuki-india-ltd/maruti/532500/,5.0,2835.0,23.67,15.75,Consumer Discretionary,Automobiles,1.36,Mid Cap,2024.0,1503863.63,1891991.87,20.78,8.26,29.97,1.78,24.25
765,MOTHERSON,Mar 2024,3.06,9.45,11.55,0.76,5.22,1.17,925.0,Moderate,4.0,38.57669616519174,20.0,19922.0,7569.0,,-50.0,-50.0,,,https://mkt.in/static/mkt-icons/nifty100/MOTHERSON.png,Samvardhana Motherson International Ltd,https://in.tradingview.com/chart/?symbol=BSE%3AMOTHERSON,Motherson Sumi Systems is engaged primarily in the manufacturer and sale of components to automotive original equipment manufacturers,http://www.motherson.com/,https://www.nseindia.com/get-quotes/equity?symbol=MOTHERSON,https://www.bseindia.com/stock-share-price/samvardhana-motherson-international-ltd/MOTHERSON/517334/,1.0,46.0,13.7,11.8,Consumer Discretionary,Auto Ancillaries,3.39,Large Cap,2024.0,146151.16,161406.34,9.54,2.38,33.39,2.18,5.560499999999999
777,NAUKRI,Mar 2024,23.46,28.04,1.97,0.01,28.97,0.07,-150.0,Capital Intensive,44.0,234.5891472868217,49.0,246.0,702.0,,-50.0,-50.0,,,https://assets-netstorage.groww.in/stock-assets/logos2/InfoEdgIndia_32670259917_18844.png,Info Edge (India) Ltd,https://in.tradingview.com/chart/?symbol=NSE%3ANAUKRI,"Info Edge is India's premier online classified company with a portfolio of brands. It owns various brands in different fields like naukri.com (online recruitment), 99acres.com (online real estate), jeevansathi.com (online matrimonial) as well as shiksha.com (online education information services). It also acts as an investor and has invested in many start-ups in the online space and is actively growing its investment portfolio.",http://www.infoedge.in/,https://www.nseindia.com/get-quotes/equity?symbol=NAUKRI,https://www.bseindia.com/stock-share-price/info-edge-india-ltd/NAUKRI/532777/,10.0,3225.0,3.65,2.44,Communication Services,Internet & Platforms,4.44,Large Cap,2024.0,563824.44,544283.76,32.88,8.33,11.87,4.29,10.446
789,NESTLEIND,Mar 2024,16.12,23.83,117.75,0.1,41.19,2.32,2938.0,Moderate,41.0,34.791666666666664,79.0,345.0,4175.0,,-50.0,-50.0,,,https://mkt.in/static/mkt-icons/nifty100/NESTLEIND.png,Nestle India Ltd,https://in.tradingview.com/chart/?symbol=NSE%3ANESTLEIND,"Nestle India Limited is the Indian subsidiary of Nestle which is a Swiss multinational company. The company is headquartered in Gurgaon, Haryana. The company's products include food, beverages, chocolate, and confectioneries.",https://www.nestle.in/,https://www.nseindia.com/get-quotes/equity?symbol=NESTLEIND,https://www.bseindia.com/stock-share-price/nestle-india-ltd/nestleind/500790/,1.0,41.0,185.43,135.61,Consumer Staples,Food Products,0.94,Large Cap,2024.0,1677775.19,1677279.88,54.96,14.34,15.49,3.85,40.382
801,NHPC,Mar 2024,41.82,49.91,10.41,0.84,11.24,0.1,970.0,Capital Intensive,4.0,3.852862120457939,53.0,32561.0,6938.0,,-50.0,-50.0,,,https://mkt.in/static/mkt-icons/nifty100/HEROMOTOCO.png,"NHPC Ltd
",https://in.tradingview.com/chart/?symbol=NSE%3ANHPC,"NHPC, a Mini Ratna category I public sector utility, is Government of India's flagship hydroelectric generation company. The company is primarily involved in the generation and sale of bulk power to various Power Utilities. Its other business includes providing project management / construction contracts/ consultancy assignment services and trading of power.",http://www.nhpcindia.com/,https://www.nseindia.com/get-quotes/equity?symbol=NHPC,https://www.bseindia.com/stock-share-price/nhpc-ltd/NHPC/533098/,10.0,40.0,7.67,9.61,Energy,Power & Utilities,0.33,Large Cap,2024.0,1740404.25,2103124.81,71.17,13.74,18.26,1.68,14.270499999999998
813,NTPC,Mar 2024,11.95,28.83,13.27,1.48,4.6,0.37,8644.0,Capital Intensive,21.0,16.573166958853253,36.0,237131.0,40785.0,,-50.0,-50.0,,,https://mkt.in/static/mkt-icons/nifty100/NTPC.png,NTPC Ltd,https://in.tradingview.com/chart/?symbol=NSE%3ANTPC,"NTPC Limited, formerly known as National Thermal Power Corporation, is an Indian central Public Sector Undertaking under the ownership of the Ministry of Power and the Government of India, who is engaged in the generation of electricity and other activities.",https://ntpc.co.in/,https://www.nseindia.com/get-quotes/equity?symbol=NTPC,https://www.bseindia.com/stock-share-price/ntpc-ltd/ntpc/532555/,10.0,174.0,10.58,12.52,Energy,Power & Utilities,4.04,Large Cap,2024.0,907823.11,1142814.16,30.8,5.24,37.12,0.06,9.7735
825,ONGC,Mar 2024,9.66,17.39,16.94,0.45,11.36,0.83,42060.0,Capital Intensive,39.0,53.588235294117645,31.0,153181.0,99263.0,,-50.0,-50.0,,,https://mkt.in/static/mkt-icons/nifty100/ONGC.png,Oil & Natural Gas Corpn Ltd,https://in.tradingview.com/chart/?symbol=NSE%3AONGC,"The Oil and Natural Gas Corporation is an Indian government-owned-oil and gas explorer and producer. It is under the ownership of Ministry of Petroleum and Natural Gas, Government of India. Its registered office is in New Delhi. ",https://www.ongcindia.com/,https://www.nseindia.com/get-quotes/equity?symbol=ONGC,https://www.bseindia.com/stock-share-price/oil-and-natural-gas-corporation-ltd/ongc/500312/,5.0,275.0,19.71,14.32,Energy,Oil & Gas Exploration,4.49,Large Cap,2024.0,390111.05,499988.49,18.15,10.36,11.72,1.11,9.417000000000002
849,PIDILITIND,Mar 2024,14.11,21.87,20.78,0.05,54.33,1.03,955.0,Capital Intensive,34.0,164.84313725490196,47.0,382.0,2724.0,,-50.0,-50.0,,,https://mkt.in/static/mkt-icons/nifty100/PIDILITIND.png,Pidilite Industries Ltd,https://in.tradingview.com/chart/?symbol=NSE%3APIDILITIND,"Pidilite Industries Limited is a leading manufacturer of adhesives and sealants, construction chemicals, craftsmen products, DIY products and polymer emulsions in India. Most of the products have been developed through strong in-house R&D. Our brand name Fevicol has become synonymous with adhesives to millions in India and is ranked amongst the most trusted brands in the country",http://www.pidilite.com/,https://www.nseindia.com/get-quotes/equity?symbol=PIDILITIND,https://www.bseindia.com/stock-share-price/pidilite-industries-ltd/PIDILITIND/500331/,1.0,171.0,29.7,22.8,Materials,Specialty Chemicals,2.15,Large Cap,2024.0,162274.18,165749.2,36.12,12.3,5.36,1.01,17.7185
905,PNB,Mar 2024,8.4,0.0,61.32,3.68,0.0,1.51,-29445.0,Asset Light,8.0,57.434615384615384,18.0,55017.0,-27939.0,,-50.0,-50.0,,,https://mkt.in/static/mkt-icons/nifty100/PNB.png,Punjab National Bank,https://in.tradingview.com/chart/?symbol=NSE%3APNB,"Punjab National Bank is an Indian government bank based in New Delhi. It was founded in May 1894 and is the second-largest public sector bank in India in terms of its business volumes, with over 180 million customers, 12,248 branches, and 13,000+ ATMs. ",https://www.pnbindia.in/,https://www.nseindia.com/get-quotes/equity?symbol=PNB,https://www.bseindia.com/stock-share-price/punjab-national-bank/pnb/532461/,2.0,110.0,1.63,8.7,Financials,Public Sector Banks,3.82,Large Cap,2024.0,1825925.6,2365495.49,19.29,10.91,23.64,1.32,15.33
906,PNB,Mar 2024,8.4,0.0,61.32,3.68,0.0,1.51,-29445.0,Asset Light,8.0,57.434615384615384,18.0,55017.0,-27939.0,,-50.0,-50.0,,,https://mkt.in/static/mkt-icons/nifty100/PNB.png,Punjab National Bank,https://in.tradingview.com/chart/?symbol=NSE%3APNB,"Punjab National Bank is an Indian government bank based in New Delhi. It was founded in May 1894 and is the second-largest public sector bank in India in terms of its business volumes, with over 180 million customers, 12,248 branches, and 13,000+ ATMs. ",https://www.pnbindia.in/,https://www.nseindia.com/get-quotes/equity?symbol=PNB,https://www.bseindia.com/stock-share-price/punjab-national-bank/pnb/532461/,2.0,110.0,1.63,8.7,Financials,Public Sector Banks,3.82,Large Cap,2024.0,1825925.6,2365495.49,19.29,10.91,23.64,1.32,15.33
907,PNB,Mar 2024,8.4,0.0,61.32,3.68,0.0,1.51,-29445.0,Asset Light,8.0,57.434615384615384,18.0,55017.0,-27939.0,,-50.0,-50.0,,,https://mkt.in/static/mkt-icons/nifty100/PNB.png,Punjab National Bank,https://in.tradingview.com/chart/?symbol=NSE%3APNB,"Punjab National Bank is an Indian government bank based in New Delhi. It was founded in May 1894 and is the second-largest public sector bank in India in terms of its business volumes, with over 180 million customers, 12,248 branches, and 13,000+ ATMs. ",https://www.pnbindia.in/,https://www.nseindia.com/get-quotes/equity?symbol=PNB,https://www.bseindia.com/stock-share-price/punjab-national-bank/pnb/532461/,2.0,110.0,1.63,8.7,Financials,Public Sector Banks,3.82,Large Cap,2024.0,1825925.6,2365495.49,19.29,10.91,23.64,1.32,15.33
908,PNB,Mar 2024,8.4,0.0,61.32,3.68,0.0,1.51,-29445.0,Asset Light,8.0,57.434615384615384,18.0,55017.0,-27939.0,,-50.0,-50.0,,,https://mkt.in/static/mkt-icons/nifty100/PNB.png,Punjab National Bank,https://in.tradingview.com/chart/?symbol=NSE%3APNB,"Punjab National Bank is an Indian government bank based in New Delhi. It was founded in May 1894 and is the second-largest public sector bank in India in terms of its business volumes, with over 180 million customers, 12,248 branches, and 13,000+ ATMs. ",https://www.pnbindia.in/,https://www.nseindia.com/get-quotes/equity?symbol=PNB,https://www.bseindia.com/stock-share-price/punjab-national-bank/pnb/532461/,2.0,110.0,1.63,8.7,Financials,Public Sector Banks,3.82,Large Cap,2024.0,1825925.6,2365495.49,19.29,10.91,23.64,1.32,15.33
909,PNB,Mar 2024,8.4,0.0,61.32,3.68,0.0,1.51,-29445.0,Asset Light,8.0,57.434615384615384,18.0,55017.0,-27939.0,,-50.0,-50.0,,,https://mkt.in/static/mkt-icons/nifty100/PNB.png,Punjab National Bank,https://in.tradingview.com/chart/?symbol=NSE%3APNB,"Punjab National Bank is an Indian government bank based in New Delhi. It was founded in May 1894 and is the second-largest public sector bank in India in terms of its business volumes, with over 180 million customers, 12,248 branches, and 13,000+ ATMs. ",https://www.pnbindia.in/,https://www.nseindia.com/get-quotes/equity?symbol=PNB,https://www.bseindia.com/stock-share-price/punjab-national-bank/pnb/532461/,2.0,110.0,1.63,8.7,Financials,Public Sector Banks,3.82,Large Cap,2024.0,1825925.6,2365495.49,19.29,10.91,23.64,1.32,15.33
932,POWERGRID,Mar 2024,33.97,86.87,17.87,1.42,4.6,0.18,24176.0,Capital Intensive,17.0,9.369530158047521,67.0,123516.0,37290.0,,-50.0,-50.0,,,https://mkt.in/static/mkt-icons/nifty100/POWERGRID.png,Power Grid Corporation of India Ltd,https://in.tradingview.com/chart/qGsydD2w/?symbol=NSE%3AAMBUJACEM.T0,"Power Grid Corporation of India Limited is a Maharatna CPSU and India's largest electric power transmission company. GoI holds a 51.34% stake in the company as on March 31, 2021. PGCIL was incorporated in 1989 to set up extra-high voltage alternating current and high-voltage direct current (HVDC) transmission lines.

The company moves large blocks of power from the central generating agencies and areas that have surplus power to load centres within and across regions. It is under the administrative control of the Ministry of Power, GoI.

PGCIL also executes several strategically important projects, assigned to the company by GoI on nomination basis. Power Grid Corporation of India is principally engaged in planning, implementation, operation and maintenance of Inter-State Transmission System (ISTS), Telecom and consultancy services.

",https://www.powergrid.in/,https://www.nseindia.com/get-quotes/equity?symbol=POWERGRID,https://www.bseindia.com/stock-share-price/power-grid-corporation-of-india-ltd/POWERGRID/532898/,10.0,99.0,13.2,19.0,Energy,Power Transmission,4.12,Large Cap,2024.0,372584.24,410018.95,64.39,5.1,23.07,3.09,22.531500000000005
933,POWERGRID,Mar 2024,33.97,86.87,17.87,1.42,4.6,0.18,24176.0,Capital Intensive,17.0,9.369530158047521,67.0,123516.0,37290.0,,-50.0,-50.0,,,https://mkt.in/static/mkt-icons/nifty100/POWERGRID.png,Power Grid Corporation of India Ltd,https://in.tradingview.com/chart/qGsydD2w/?symbol=NSE%3AAMBUJACEM.T0,"Power Grid Corporation of India Limited is a Maharatna CPSU and India's largest electric power transmission company. GoI holds a 51.34% stake in the company as on March 31, 2021. PGCIL was incorporated in 1989 to set up extra-high voltage alternating current and high-voltage direct current (HVDC) transmission lines.

The company moves large blocks of power from the central generating agencies and areas that have surplus power to load centres within and across regions. It is under the administrative control of the Ministry of Power, GoI.

PGCIL also executes several strategically important projects, assigned to the company by GoI on nomination basis. Power Grid Corporation of India is principally engaged in planning, implementation, operation and maintenance of Inter-State Transmission System (ISTS), Telecom and consultancy services.

",https://www.powergrid.in/,https://www.nseindia.com/get-quotes/equity?symbol=POWERGRID,https://www.bseindia.com/stock-share-price/power-grid-corporation-of-india-ltd/POWERGRID/532898/,10.0,99.0,13.2,19.0,Energy,Power Transmission,4.12,Large Cap,2024.0,372584.24,410018.95,64.39,5.1,23.07,3.09,22.531500000000005
957,RELIANCE,Mar 2024,8.79,18.07,9.96,0.58,7.73,0.51,45207.0,Capital Intensive,51.0,117.27475613360922,10.0,458991.0,158788.0,,-50.0,-50.0,,,https://mkt.in/static/mkt-icons/nifty100/RELIANCE.png,"Reliance Industries Ltd
",https://in.tradingview.com/chart/qGsydD2w/?symbol=NSE%3AAMBUJACEM.T0,"Reliance was founded by Dhirubhai Ambani and is now promoted and managed by his elder son, Mukesh Dhirubhai Ambani. Ambani's family has about 50% shareholding in the conglomerate.

",https://www.ril.com/,https://www.nseindia.com/get-quotes/equity?symbol=RELIANCE,https://www.bseindia.com/stock-share-price/reliance-industries-ltd/RELIANCE/500325/,10.0,606.0,9.61,9.25,Energy,Conglomerates,4.24,Large Cap,2024.0,432472.71,545039.37,58.34,3.25,24.96,4.21,7.2635000000000005
969,SBILIFE,Mar 2024,1.43,0.19,12.7,0.0,240.33,0.33,-2099.0,Capital Intensive,19.0,14.893106893106893,14.0,0.0,29122.0,9.0,-50.0,-50.0,    10 Years:      9%,10 Years:      16%,https://mkt.in/static/mkt-icons/nifty100/SBILIFE.png,SBI Life Insurance Company Ltd,https://in.tradingview.com/chart/qGsydD2w/?symbol=NSE%3AAMBUJACEM.T0,"SBI Life Insurance Company Ltd is engaged in the business of life insurance and annuity. It was started as a Joint-venture between State Bank of India and BNP Paribas Cardif S.A.[1]


",https://www.sbilife.co.in/,https://www.nseindia.com/get-quotes/equity?symbol=SBILIFE,https://www.bseindia.com/stock-share-price/sbi-life-insurance-company-ltd/SBILIFE/540719/,10.0,162.0,13.2,12.0,Financials,Life Insurance,3.16,Large Cap,2024.0,886097.71,1097553.71,69.98,9.48,31.04,1.62,39.2625
969,SBILIFE,Mar 2024,1.43,0.19,12.7,0.0,240.33,0.33,-2099.0,Capital Intensive,19.0,14.893106893106893,14.0,0.0,29122.0,10.0,-50.0,-50.0,     5 Years:       8%,5 Years          14%,https://mkt.in/static/mkt-icons/nifty100/SBILIFE.png,SBI Life Insurance Company Ltd,https://in.tradingview.com/chart/qGsydD2w/?symbol=NSE%3AAMBUJACEM.T0,"SBI Life Insurance Company Ltd is engaged in the business of life insurance and annuity. It was started as a Joint-venture between State Bank of India and BNP Paribas Cardif S.A.[1]


",https://www.sbilife.co.in/,https://www.nseindia.com/get-quotes/equity?symbol=SBILIFE,https://www.bseindia.com/stock-share-price/sbi-life-insurance-company-ltd/SBILIFE/540719/,10.0,162.0,13.2,12.0,Financials,Life Insurance,3.16,Large Cap,2024.0,886097.71,1097553.71,69.98,9.48,31.04,1.62,39.2625
969,SBILIFE,Mar 2024,1.43,0.19,12.7,0.0,240.33,0.33,-2099.0,Capital Intensive,19.0,14.893106893106893,14.0,0.0,29122.0,11.0,-50.0,-50.0,     3 Years:       7%,3 Years:         13%,https://mkt.in/static/mkt-icons/nifty100/SBILIFE.png,SBI Life Insurance Company Ltd,https://in.tradingview.com/chart/qGsydD2w/?symbol=NSE%3AAMBUJACEM.T0,"SBI Life Insurance Company Ltd is engaged in the business of life insurance and annuity. It was started as a Joint-venture between State Bank of India and BNP Paribas Cardif S.A.[1]


",https://www.sbilife.co.in/,https://www.nseindia.com/get-quotes/equity?symbol=SBILIFE,https://www.bseindia.com/stock-share-price/sbi-life-insurance-company-ltd/SBILIFE/540719/,10.0,162.0,13.2,12.0,Financials,Life Insurance,3.16,Large Cap,2024.0,886097.71,1097553.71,69.98,9.48,31.04,1.62,39.2625
969,SBILIFE,Mar 2024,1.43,0.19,12.7,0.0,240.33,0.33,-2099.0,Capital Intensive,19.0,14.893106893106893,14.0,0.0,29122.0,12.0,-50.0,-50.0,     1 Year:         -2%,Last Year:      12%,https://mkt.in/static/mkt-icons/nifty100/SBILIFE.png,SBI Life Insurance Company Ltd,https://in.tradingview.com/chart/qGsydD2w/?symbol=NSE%3AAMBUJACEM.T0,"SBI Life Insurance Company Ltd is engaged in the business of life insurance and annuity. It was started as a Joint-venture between State Bank of India and BNP Paribas Cardif S.A.[1]


",https://www.sbilife.co.in/,https://www.nseindia.com/get-quotes/equity?symbol=SBILIFE,https://www.bseindia.com/stock-share-price/sbi-life-insurance-company-ltd/SBILIFE/540719/,10.0,162.0,13.2,12.0,Financials,Life Insurance,3.16,Large Cap,2024.0,886097.71,1097553.71,69.98,9.48,31.04,1.62,39.2625
980,SHREECEM,Mar 2024,8.45,22.02,8.37,0.08,19.83,0.73,1929.0,Moderate,480.0,575.0833333333334,16.0,1656.0,3347.0,,-50.0,-50.0,,,https://mkt.in/static/mkt-icons/nifty100/SHREECEM.png,Shree Cement Ltd,https://in.tradingview.com/chart/qGsydD2w/?symbol=NSE%3AAMBUJACEM.T0,Shree Cement is engaged in manufacturing and selling of cement and cement related products and is ** one of the lowest cost producers in the country. It is the 3rd largest** cement,https://www.shreecement.com/,https://www.nseindia.com/get-quotes/equity?symbol=SHREECEM,https://www.bseindia.com/stock-share-price/shree-cement-ltd/SHREECEM/500387/,10.0,5787.0,14.8,12.2,Materials,Cement,2.86,Large Cap,2024.0,3154358.33,2911084.5,25.87,1.21,26.58,3.2,9.470999999999998
992,SHRIRAMFIN,Mar 2024,20.33,28.92,15.12,3.99,0.68,0.15,-31359.0,Asset Light,39.0,130.1781914893617,23.0,195496.0,-31101.0,,-50.0,-50.0,,,https://mkt.in/static/mkt-icons/nifty100/SHRIRAMFIN.png,"Shriram Finance Ltd
",https://in.tradingview.com/chart/qGsydD2w/?symbol=NSE%3AAMBUJACEM.T0,"Business Overview
Shriram Transport Finance Company Ltd is a part of the SHRIRAM Group conglomerate which has a significant presence in the financing business. STFC is engaged in t",https://www.shriramfinance.in/,https://www.nseindia.com/get-quotes/equity?symbol=SHRIRAMFIN,https://www.bseindia.com/stock-share-price/shriram-finance-ltd/SHRIRAMFIN/511218/,2.0,279.0,11.3,15.9,Financials,Consumer Finance,1.15,Large Cap,2024.0,868933.47,1098024.4,68.53,7.91,28.82,1.86,9.666
1004,SIEMENS,Sep 2024,12.22,13.96,17.7,0.02,67.15,0.88,1168.0,Asset Light,76.0,216.29577464788733,16.0,279.0,1670.0,,-50.0,-50.0,,,https://mkt.in/static/mkt-icons/nifty100/SIEMENS.png,Siemens Ltd,https://in.tradingview.com/chart/qGsydD2w/?symbol=NSE%3AAMBUJACEM.T0,"Siemens Limited offers products, integrated solutions for industrial applications for manufacturing industries, drives for process",https://www.siemens.com/in/en.html,https://www.nseindia.com/get-quotes/equity?symbol=SIEMENS,https://www.bseindia.com/stock-share-price/siemens-ltd/SIEMENS/500550/,2.0,431.0,25.6,19.1,Industrials,Capital Goods,0.99,Large Cap,2024.0,1191331.95,1268446.56,33.32,9.25,30.88,3.69,17.2895
1016,SUNPHARMA,Mar 2024,19.82,26.84,15.09,0.05,58.33,0.57,11372.0,Asset Light,40.0,265.27916666666664,34.0,3274.0,12135.0,,-50.0,-50.0,,,https://mkt.in/static/mkt-icons/nifty100/SUNPHARMA.png,Sun Pharmaceuticals Industries Ltd,https://in.tradingview.com/chart/qGsydD2w/?symbol=NSE%3AAMBUJACEM.T0,"Sun Pharmaceutical Industries Ltd is engaged in the business of manufacturing, developing and marketing a wide range of branded and generic formulations and Active Pharma Ingredients (APIs). The company and its subsidiaries has various manufacturing facilities spread across the world with trading and other incidental and related activities extending to global market.[1] It is the largest pharmaceutical company in India.[2]

",https://sunpharma.com/,https://www.nseindia.com/get-quotes/equity?symbol=SUNPHARMA,https://www.bseindia.com/stock-share-price/sun-pharmaceuticals-industries-ltd/SUNPHARMA/524715/,1.0,288.0,17.3,16.7,Healthcare,Pharmaceuticals,0.3,Large Cap,2024.0,1339586.09,1264175.16,37.9,6.71,21.41,3.88,17.89
1028,TATACONSUM,Mar 2024,7.99,15.02,7.57,0.22,25.32,0.55,26.0,Capital Intensive,12.0,169.02105263157895,64.0,3477.0,1937.0,,-50.0,-50.0,,,https://mkt.in/static/mkt-icons/nifty100/TATACONSUM.png,Tata Consumer Products Ltd,https://in.tradingview.com/chart/qGsydD2w/?symbol=NSE%3AAMBUJACEM.T0,"Tata Consumer Products Ltd. is one of the leading companies of the Tata Group, with presence in the food and beverages business in India and internationally. It is the second largest tea company globally and has significant market presence and leadership in many markets. In addition to South Asia (mainly India), it has presence in various other geographies including Canada, UK, North America, Australia, Europe, Middle East and Africa. [1]


",https://www.tataconsumer.com/,https://www.nseindia.com/get-quotes/equity?symbol=TATACONSUM,https://www.bseindia.com/stock-share-price/tata-consumer-products-ltd/TATACONSUM/500800/,1.0,193.0,10.6,8.32,Consumer Staples,Food & Beverages,0.33,Large Cap,2024.0,350543.35,387549.77,54.79,7.14,24.84,1.87,8.6945
1040,TATAMOTORS,Mar 2024,7.26,13.6,37.46,1.26,6.53,1.19,45133.0,Moderate,94.0,110.85900783289817,7.0,107262.0,67915.0,,-50.0,-50.0,,,https://mkt.in/static/mkt-icons/nifty100/TATAMOTORS.png,Tata Motors Ltd,https://in.tradingview.com/chart/qGsydD2w/?symbol=NSE%3AAMBUJACEM.T0,"Tata Motors Group is a leading global automobile manufacturer. Part of the illustrious multi-national conglomerate, the Tata group, it offers a wide and diverse portfolio of cars, sports utility vehicles, trucks, buses and defence vehicles to the world.

It has operations in India, the UK, South Korea, South Africa, China, Brazil, Austria and Slovakia through a strong global network of subsidiaries, associate companies and Joint Ventures (JVs), including Jaguar Land Rover in the UK and Tata Daewoo in South Korea. 

",https://www.tatamotors.com/,https://www.nseindia.com/get-quotes/equity?symbol=TATAMOTORS,https://www.bseindia.com/stock-share-price/tata-motors-ltd/TATAMOTORS/500570/,2.0,275.0,20.1,49.4,Consumer Discretionary,Automobiles,0.91,Large Cap,2024.0,1504106.64,1588737.42,67.07,0.93,15.35,3.65,13.0645
1052,TATAPOWER,Mar 2024,6.97,17.47,13.23,1.66,3.05,0.44,3569.0,Capital Intensive,12.0,101.1125,17.0,53689.0,12596.0,,-50.0,-50.0,,,https://mkt.in/static/mkt-icons/nifty100/TATAPOWER.png,"Tata Power Company Ltd
",https://in.tradingview.com/chart/qGsydD2w/?symbol=NSE%3AAMBUJACEM.T0,"Tata Power Company Ltd is primarily involved in the business of the generation, transmission and distribution of electricity. It aims to produce electricity completely through renewable sources. It also manufactures solar roofs and plans to build 1 lakh ev charging stations by 2025[1] The company is India's largest vertically-integrated power company.

",https://www.tatapower.com/,https://www.nseindia.com/get-quotes/equity?symbol=TATAPOWER,https://www.bseindia.com/stock-share-price/tata-power-company-ltd/TATAPOWER/500400/,1.0,105.0,11.1,11.3,Energy,Power & Utilities,4.19,Mid Cap,2024.0,1647269.48,1925345.06,14.5,3.48,12.02,0.49,7.2589999999999995
1076,TCS,Mar 2024,19.14,26.69,50.94,0.09,87.1,1.66,50429.0,Asset Light,127.0,249.9696132596685,58.0,8021.0,44338.0,13.0,-50.0,-50.0,    10 Years:      14%,10 Years:       40%,https://images.5paisa.com/MarketIcons/TCS.png,Tata Consultancy Services Ltd,https://www.tradingview.com/chart/?symbol=NSE%3ATCS,"Tata Consultancy Services is the flagship company and a part of Tata group. It is an IT services, consulting and business solutions organization that has been partnering with many of the world's largest businesses in their transformation journeys for over 50 years. TCS offers a consulting-led, cognitive powered, integrated portfolio of business, technology and engineering services and solutions.",https://www.tcs.com/,https://www.nseindia.com/get-quotes/equity?symbol=TCS,https://www.bseindia.com/stock-share-price/tata-consultancy-services-ltd/TCS/532540/,1.0,281.0,64.3,0.52,Information Technology,IT Services,1.1,Large Cap,2024.0,461188.15,542230.13,78.69,6.08,29.94,1.62,31.137999999999998
1076,TCS,Mar 2024,19.14,26.69,50.94,0.09,87.1,1.66,50429.0,Asset Light,127.0,249.9696132596685,58.0,8021.0,44338.0,14.0,-50.0,-50.0,      5 Years:      16%,5 Years:          44%,https://images.5paisa.com/MarketIcons/TCS.png,Tata Consultancy Services Ltd,https://www.tradingview.com/chart/?symbol=NSE%3ATCS,"Tata Consultancy Services is the flagship company and a part of Tata group. It is an IT services, consulting and business solutions organization that has been partnering with many of the world's largest businesses in their transformation journeys for over 50 years. TCS offers a consulting-led, cognitive powered, integrated portfolio of business, technology and engineering services and solutions.",https://www.tcs.com/,https://www.nseindia.com/get-quotes/equity?symbol=TCS,https://www.bseindia.com/stock-share-price/tata-consultancy-services-ltd/TCS/532540/,1.0,281.0,64.3,0.52,Information Technology,IT Services,1.1,Large Cap,2024.0,461188.15,542230.13,78.69,6.08,29.94,1.62,31.137999999999998
1076,TCS,Mar 2024,19.14,26.69,50.94,0.09,87.1,1.66,50429.0,Asset Light,127.0,249.9696132596685,58.0,8021.0,44338.0,15.0,-50.0,-50.0,      3 Years:      8%,3 Years:          47%,https://images.5paisa.com/MarketIcons/TCS.png,Tata Consultancy Services Ltd,https://www.tradingview.com/chart/?symbol=NSE%3ATCS,"Tata Consultancy Services is the flagship company and a part of Tata group. It is an IT services, consulting and business solutions organization that has been partnering with many of the world's largest businesses in their transformation journeys for over 50 years. TCS offers a consulting-led, cognitive powered, integrated portfolio of business, technology and engineering services and solutions.",https://www.tcs.com/,https://www.nseindia.com/get-quotes/equity?symbol=TCS,https://www.bseindia.com/stock-share-price/tata-consultancy-services-ltd/TCS/532540/,1.0,281.0,64.3,0.52,Information Technology,IT Services,1.1,Large Cap,2024.0,461188.15,542230.13,78.69,6.08,29.94,1.62,31.137999999999998
1076,TCS,Mar 2024,19.14,26.69,50.94,0.09,87.1,1.66,50429.0,Asset Light,127.0,249.9696132596685,58.0,8021.0,44338.0,16.0,-50.0,-50.0,      1 Year:       16%,Last Year:       52%,https://images.5paisa.com/MarketIcons/TCS.png,Tata Consultancy Services Ltd,https://www.tradingview.com/chart/?symbol=NSE%3ATCS,"Tata Consultancy Services is the flagship company and a part of Tata group. It is an IT services, consulting and business solutions organization that has been partnering with many of the world's largest businesses in their transformation journeys for over 50 years. TCS offers a consulting-led, cognitive powered, integrated portfolio of business, technology and engineering services and solutions.",https://www.tcs.com/,https://www.nseindia.com/get-quotes/equity?symbol=TCS,https://www.bseindia.com/stock-share-price/tata-consultancy-services-ltd/TCS/532540/,1.0,281.0,64.3,0.52,Information Technology,IT Services,1.1,Large Cap,2024.0,461188.15,542230.13,78.69,6.08,29.94,1.62,31.137999999999998
1099,TECHM,Mar 2024,4.61,8.67,8.99,0.1,13.86,1.21,5058.0,Asset Light,24.0,60.47392290249433,150.0,2537.0,6376.0,,-50.0,-50.0,,,https://mkt.in/static/mkt-icons/nifty100/TECHM.png,Tech Mahindra Ltd,https://in.tradingview.com/chart/qGsydD2w/?symbol=NSE%3AAMBUJACEM.T0,"Tech Mahindra Ltd provides comprehensive range of IT services, including IT enabled service, application development and",https://www.techmahindra.com/,https://www.nseindia.com/get-quotes/equity?symbol=TECHM,https://www.bseindia.com/stock-share-price/tech-mahindra-ltd/TECHM/532755/,5.0,270.0,11.9,8.63,Information Technology,IT Services,2.39,Large Cap,2024.0,3021095.64,3131058.36,57.4,7.43,7.85,0.64,6.060499999999999
1100,TECHM,Mar 2024,4.61,8.67,8.99,0.1,13.86,1.21,5058.0,Asset Light,24.0,60.47392290249433,150.0,2537.0,6376.0,,-50.0,-50.0,,,https://mkt.in/static/mkt-icons/nifty100/TECHM.png,Tech Mahindra Ltd,https://in.tradingview.com/chart/qGsydD2w/?symbol=NSE%3AAMBUJACEM.T0,"Tech Mahindra Ltd provides comprehensive range of IT services, including IT enabled service, application development and",https://www.techmahindra.com/,https://www.nseindia.com/get-quotes/equity?symbol=TECHM,https://www.bseindia.com/stock-share-price/tech-mahindra-ltd/TECHM/532755/,5.0,270.0,11.9,8.63,Information Technology,IT Services,2.39,Large Cap,2024.0,3021095.64,3131058.36,57.4,7.43,7.85,0.64,6.060499999999999
1112,TITAN,Mar 2024,6.84,10.36,37.22,1.65,9.41,1.62,1506.0,Asset Light,39.0,105.53932584269663,28.0,15528.0,1695.0,,-50.0,-50.0,,,https://mkt.in/static/mkt-icons/nifty100/TITAN.png,"Titan Company Ltd
",https://in.tradingview.com/chart/qGsydD2w/?symbol=NSE%3AAMBUJACEM.T0,"Titan Company Ltd is among India's most respected lifestyle companies. It has established leadership positions in the Watches, Jewellery and Eyewear categories led by its trusted brands and differentiated customer experience. It was founded in 1984 as a joint-venture between TATA Group and Tamilnadu Industrial Development Corporation (TIDCO). [1]

",https://www.titancompany.in/,https://www.nseindia.com/get-quotes/equity?symbol=TITAN,https://www.bseindia.com/stock-share-price/titan-company-ltd/TITAN/500114/,1.0,110.0,22.7,32.9,Consumer Discretionary,Gems & Jewellery,2.38,Large Cap,2024.0,1793769.72,2116401.21,10.13,10.51,21.0,3.1,12.788499999999999
1124,TORNTPHARM,Mar 2024,15.44,31.39,24.15,0.59,9.93,0.74,3106.0,Asset Light,49.0,40.56804733727811,57.0,4022.0,3266.0,,-50.0,-50.0,,,https://mkt.in/static/mkt-icons/nifty100/TORNTPHARM.png,Torrent Pharmaceuticals Ltd,https://in.tradingview.com/chart/qGsydD2w/?symbol=NSE%3AAMBUJACEM.T0,"Torrent Pharmaceuticals Ltd is one of the leading Indian Pharmaceutical Company engaged in research, development, manufacturing and marketing of generic pharmaceutical formulations.

It is the flagship company of Torrent Group which also has presence in power and city gas distribution businesses.

",https://www.torrentpharma.com/,https://www.nseindia.com/get-quotes/equity?symbol=TORNTPHARM,https://www.bseindia.com/stock-share-price/torrent-pharmaceuticals-ltd/TORNTPHARM/500420/,5.0,222.0,23.2,24.2,Healthcare,Pharmaceuticals,0.24,Large Cap,2024.0,1870170.39,2275967.43,46.4,6.43,27.93,1.22,13.805
1136,TRENT,Mar 2024,11.94,15.93,36.31,0.43,8.04,1.73,841.0,Moderate,42.0,113.0,8.0,1753.0,1349.0,,-50.0,-50.0,,,https://mkt.in/static/mkt-icons/nifty100/TRENT.png,Trent Ltd,https://in.tradingview.com/chart/qGsydD2w/?symbol=NSE%3AAMBUJACEM.T0,"Trent Ltd is engaged in retailing of apparels, footwear, accessories, toys, games, food, grocery & non food products through various of its retail formats/ concepts.[1]

",https://trentlimited.com/,https://www.nseindia.com/get-quotes/equity?symbol=TRENT,https://www.bseindia.com/stock-share-price/trent-ltd/TRENT/500251/,1.0,132.0,23.8,27.2,Consumer Discretionary,Retail,0.73,Large Cap,2024.0,571322.04,566293.08,8.65,11.82,34.65,3.46,13.4695
1148,TVSMOTOR,Mar 2024,4.54,14.05,26.22,3.83,2.91,0.93,-2254.0,Asset Light,36.0,141.33333333333334,23.0,26006.0,-1253.0,,-50.0,-50.0,,,https://mkt.in/static/mkt-icons/nifty100/TVSMOTOR.png,TVS Motor Company Ltd,https://in.tradingview.com/chart/qGsydD2w/?symbol=NSE%3AAMBUJACEM.T0,'TVS Motor Company Ltd (TVSM) is engaged in manufacturing two-wheelers and its accessories,,,,,,,,Consumer Discretionary,Two Wheelers,2.16,Large Cap,2024.0,266591.41,334973.15,46.1,5.62,7.1,3.07,9.8015
